{
  "thema1":{
    "sounds":[
      "music:1"
    ]
  },
  "thema2":{
    "sounds":[
      "music:2"
    ]
  },
  "thema3":{
    "sounds":[
      "music:3"
    ]
  },
  "thema4":{
    "sounds":[
      "music:4"
    ]
  },
  "thema5":{
    "sounds":[
      "music:5"
    ]
  },
  "thema6":{
    "sounds":[
      "music:6"
    ]
  },
  "thema7":{
    "sounds":[
      "music:7"
    ]
  },
  "thema8":{
    "sounds":[
      "music:8"
    ]
  },
"cm1":{
  "sounds":[
    "music:cm1"
    ]
  },
"cm2":{
"sounds":[
  "music:cm2"
    ]
  },
"cm3":{
  "sounds":[
    "music:cm3"
    ]
  },
"cm4":{
  "sounds":[
    "music:cm4"
    ]
  },
"cm5":{
  "sounds":[
    "music:cm5"
    ]
  },
"cm6":{
  "sounds":[
    "music:cm6"
    ]
  },
"cm7":{
  "sounds":[
    "music:cm7"
    ]
  },
"sh1":{
  "sounds":[
    "music:sh1"
    ]
  },
"sh2":{
  "sounds":[
    "music:sh2"
    ]
  },
"sh3":{
  "sounds":[
    "music:sh3"
    ]
  },
"sh4":{
  "sounds":[
    "music:sh4"
    ]
  },
"sh5":{
  "sounds":[
    "music:sh5"
    ]
  },
"sh6":{
  "sounds":[
    "music:sh6"
    ]
  },
"sh7":{
  "sounds":[
    "music:sh7"
    ]
  },
"sh8":{
  "sounds":[
    "music:sh8"
    ]
  },
"sh9":{
  "sounds":[
    "music:sh9"
    ]
  },
"sh10":{
  "sounds":[
    "music:sh10"
    ]
  },
"sh11":{
  "sounds":[
    "music:sh11"
    ]
  },
"sh12":{
  "sounds":[
    "music:sh12"
    ]
  },
"sh13":{
  "sounds":[
    "music:sh13"
    ]
}
}
